"Search for Whitsell Innovations, Inc. - Results for All Transactions with Reference no. ~ 'constellation'",,,,,,,
Date,Type,No.,Contact,Memo/Desc.,Due Date,Amount,Last Modified Date
12/31/2023,Invoice,WI011912,Constellation Pharmaceuticals,12042,01/30/2024,"10,582.00",01/12/2024 01:51:20 PM
12/31/2023,Invoice,WI011860,Constellation Pharmaceuticals,11990,01/30/2024,203.50,01/12/2024 01:50:49 PM
12/31/2023,Invoice,WI011915,Constellation Pharmaceuticals,12045,01/30/2024,"1,500.00",01/12/2024 01:51:29 PM
12/31/2023,Invoice,WI011847,Constellation Pharmaceuticals,11977,01/30/2024,"3,357.75",01/12/2024 01:50:44 PM
12/31/2023,Invoice,WI011916,Constellation Pharmaceuticals,12046,01/30/2024,"1,500.00",01/12/2024 01:51:33 PM
12/31/2023,Invoice,WI011917,Constellation Pharmaceuticals,12047,01/30/2024,"1,500.00",01/12/2024 01:51:36 PM
12/31/2023,Invoice,WI011808,Constellation Pharmaceuticals,11937,01/30/2024,"6,715.50",01/12/2024 01:50:36 PM
12/31/2023,Invoice,WI011859,Constellation Pharmaceuticals,11989,01/30/2024,"2,035.00",01/12/2024 01:50:45 PM
12/31/2023,Invoice,WI011914,Constellation Pharmaceuticals,12044,01/30/2024,"8,728.50",01/12/2024 01:51:25 PM
12/31/2023,Invoice,WI011911,Constellation Pharmaceuticals,12041,01/30/2024,"1,678.88",01/12/2024 01:51:17 PM
12/31/2023,Invoice,WI011857,Constellation Pharmaceuticals,11987,01/30/2024,"3,154.25",01/12/2024 01:50:49 PM
12/31/2023,Invoice,WI011809,Constellation Pharmaceuticals,11938,01/30/2024,"11,841.50",01/12/2024 01:50:40 PM
12/31/2023,Invoice,WI011910,Constellation Pharmaceuticals,12040,01/30/2024,305.25,01/12/2024 01:51:12 PM
12/31/2023,Invoice,WI011806,Constellation Pharmaceuticals,11935,01/30/2024,"6,177.88",01/12/2024 01:50:32 PM
12/31/2023,Invoice,WI011909,Constellation Pharmaceuticals,12039,01/30/2024,"3,154.25",01/12/2024 01:51:08 PM
12/31/2023,Invoice,WI011805,Constellation Pharmaceuticals,11934,01/30/2024,"16,054.50",01/12/2024 01:50:27 PM
12/31/2023,Invoice,WI011918,Constellation Pharmaceuticals,12048,01/30/2024,"1,500.00",01/12/2024 01:51:39 PM
12/31/2023,Invoice,WI011810,Constellation Pharmaceuticals,11939,01/30/2024,"13,160.13",01/12/2024 01:50:27 PM
12/31/2023,Invoice,WI011884,Constellation Pharmaceuticals,12014,01/30/2024,254.38,01/12/2024 01:50:59 PM
12/31/2023,Invoice,WI011906,Constellation Pharmaceuticals,12036,01/30/2024,220.00,01/12/2024 01:51:10 PM
12/31/2023,Invoice,WI011858,Constellation Pharmaceuticals,11988,01/30/2024,"4,629.63",01/12/2024 01:50:54 PM
12/31/2023,Invoice,WI011886,Constellation Pharmaceuticals,12016,01/30/2024,"2,289.38",01/12/2024 01:51:06 PM
12/31/2023,Invoice,WI011913,Constellation Pharmaceuticals,12043,01/30/2024,"116,847.50",01/12/2024 01:51:25 PM
12/31/2023,Invoice,WI011885,Constellation Pharmaceuticals,12015,01/30/2024,203.50,01/12/2024 01:51:04 PM
12/04/2023,Payment,,Constellation Pharmaceuticals,,,"140,518.02",12/14/2023 05:55:03 AM
12/04/2023,Deposit,,Constellation Pharmaceuticals,,,"140,518.02",12/14/2023 05:55:38 AM
11/30/2023,Invoice,WI011680,Constellation Pharmaceuticals,11807,12/30/2023,"3,575.00",12/15/2023 05:22:21 AM
11/30/2023,Invoice,WI011602,Constellation Pharmaceuticals,11728,12/30/2023,"2,187.63",12/15/2023 05:22:56 AM
11/30/2023,Invoice,WI011610,Constellation Pharmaceuticals,11736,12/30/2023,"5,411.25",12/15/2023 05:23:28 AM
11/30/2023,Invoice,WI011654,Constellation Pharmaceuticals,11780,12/30/2023,254.38,12/15/2023 05:22:03 AM
11/30/2023,Invoice,WI011603,Constellation Pharmaceuticals,11729,12/30/2023,"13,329.25",12/15/2023 05:23:01 AM
11/30/2023,Invoice,WI011608,Constellation Pharmaceuticals,11734,12/30/2023,"1,803.75",12/15/2023 05:23:19 AM
11/30/2023,Invoice,WI011607,Constellation Pharmaceuticals,11733,12/30/2023,46.25,12/15/2023 05:23:14 AM
11/30/2023,Invoice,WI011653,Constellation Pharmaceuticals,11779,12/30/2023,"3,408.63",12/15/2023 05:21:58 AM
11/30/2023,Invoice,WI011678,Constellation Pharmaceuticals,11805,12/30/2023,"10,429.38",12/15/2023 05:22:12 AM
11/30/2023,Invoice,WI011682,Constellation Pharmaceuticals,11809,12/30/2023,825.00,12/15/2023 05:22:29 AM
11/30/2023,Invoice,WI011656,Constellation Pharmaceuticals,11782,12/30/2023,"1,711.25",12/15/2023 05:22:08 AM
11/30/2023,Invoice,WI011605,Constellation Pharmaceuticals,11731,12/30/2023,"13,176.63",12/15/2023 05:23:10 AM
11/30/2023,Invoice,WI011630,Constellation Pharmaceuticals,11756,12/30/2023,500.00,12/15/2023 05:22:44 AM
11/30/2023,Invoice,WI011600,Constellation Pharmaceuticals,11726,12/30/2023,"19,332.50",12/15/2023 05:22:52 AM
11/30/2023,Invoice,WI011683,Constellation Pharmaceuticals,11810,12/30/2023,"3,612.13",12/15/2023 05:22:34 AM
11/30/2023,Invoice,WI011604,Constellation Pharmaceuticals,11730,12/30/2023,"7,783.88",12/15/2023 05:23:06 AM
11/30/2023,Invoice,WI011681,Constellation Pharmaceuticals,11808,12/30/2023,203.50,12/15/2023 05:22:25 AM
11/30/2023,Invoice,WI011609,Constellation Pharmaceuticals,11735,12/30/2023,"6,706.25",12/15/2023 05:23:24 AM
11/30/2023,Invoice,WI011679,Constellation Pharmaceuticals,11806,12/30/2023,"1,119.25",12/15/2023 05:22:16 AM
11/30/2023,Invoice,WI011670,Constellation Pharmaceuticals,11796,12/30/2023,"1,831.50",12/15/2023 05:22:39 AM
11/30/2023,Invoice,WI011599,Constellation Pharmaceuticals,11725,12/30/2023,"4,208.75",12/15/2023 05:22:48 AM
11/20/2023,Payment,,Constellation Pharmaceuticals,,,"18,412.50",11/30/2023 08:10:20 AM
11/20/2023,Deposit,,Constellation Pharmaceuticals,,,"18,412.50",11/30/2023 08:10:43 AM
10/31/2023,Invoice,WI011369,Constellation Pharmaceuticals,11493,11/30/2023,305.25,11/15/2023 11:52:38 AM
10/31/2023,Invoice,WI011488,Constellation Pharmaceuticals,11614,11/30/2023,"3,099.25",11/15/2023 11:53:00 AM
10/31/2023,Invoice,WI011419,Constellation Pharmaceuticals,11544,11/30/2023,"6,105.00",11/15/2023 11:52:21 AM
10/31/2023,Invoice,WI011412,Constellation Pharmaceuticals,11537,11/30/2023,"8,496.13",11/15/2023 11:52:03 AM
10/31/2023,Invoice,WI011411,Constellation Pharmaceuticals,11536,11/30/2023,"9,869.75",11/15/2023 11:51:59 AM
10/31/2023,Invoice,WI011473,Constellation Pharmaceuticals,11599,11/30/2023,500.00,11/15/2023 11:53:09 AM
10/31/2023,Invoice,WI011472,Constellation Pharmaceuticals,11598,11/30/2023,"10,734.63",11/15/2023 11:53:04 AM
10/31/2023,Invoice,WI011414,Constellation Pharmaceuticals,11539,11/30/2023,"3,459.50",11/15/2023 11:52:12 AM
10/31/2023,Invoice,WI011367,Constellation Pharmaceuticals,11491,11/30/2023,"4,477.00",11/15/2023 11:52:30 AM
10/31/2023,Invoice,WI011368,Constellation Pharmaceuticals,11492,11/30/2023,"18,213.25",11/15/2023 11:52:34 AM
10/31/2023,Invoice,WI011374,Constellation Pharmaceuticals,11498,11/30/2023,"16,483.50",11/15/2023 11:52:56 AM
10/31/2023,Invoice,WI011422,Constellation Pharmaceuticals,11547,11/30/2023,966.63,11/15/2023 11:52:25 AM
10/31/2023,Invoice,WI011413,Constellation Pharmaceuticals,11538,11/30/2023,"7,173.38",11/15/2023 11:52:08 AM
10/31/2023,Invoice,WI011371,Constellation Pharmaceuticals,11495,11/30/2023,"14,652.00",11/15/2023 11:52:47 AM
10/31/2023,Invoice,WI011372,Constellation Pharmaceuticals,11496,11/30/2023,"19,027.25",11/15/2023 11:52:51 AM
10/31/2023,Invoice,WI011474,Constellation Pharmaceuticals,11600,11/30/2023,"1,500.00",11/15/2023 11:53:13 AM
10/31/2023,Invoice,WI011370,Constellation Pharmaceuticals,11494,11/30/2023,152.63,11/15/2023 11:52:43 AM
10/31/2023,Invoice,WI011429,Constellation Pharmaceuticals,11554,11/30/2023,"5,577.00",11/15/2023 11:52:16 AM
10/31/2023,Invoice,WI011408,Constellation Pharmaceuticals,11533,11/30/2023,"10,683.75",11/15/2023 11:51:54 AM
10/23/2023,Payment,,Constellation Pharmaceuticals,,,"53,391.02",11/09/2023 06:27:39 AM
10/23/2023,Deposit,,Constellation Pharmaceuticals,,,"53,391.02",11/09/2023 06:28:05 AM
09/30/2023,Invoice,WI011179,Constellation Pharmaceuticals,11301,10/30/2023,"17,857.13",10/13/2023 01:28:16 PM
09/30/2023,Invoice,WI011223,Constellation Pharmaceuticals,11345,10/30/2023,"1,500.00",11/09/2023 06:27:39 AM
09/30/2023,Invoice,WI011231,Constellation Pharmaceuticals,11353,10/30/2023,"2,145.00",10/13/2023 01:28:47 PM
09/30/2023,Invoice,WI011182,Constellation Pharmaceuticals,11304,10/30/2023,"11,053.75",10/13/2023 01:28:29 PM
09/30/2023,Invoice,WI011253,Constellation Pharmaceuticals,11375,10/30/2023,"1,475.38",11/09/2023 06:27:39 AM
09/30/2023,Invoice,WI011185,Constellation Pharmaceuticals,11307,10/30/2023,"2,513.50",11/30/2023 08:10:20 AM
09/30/2023,Invoice,WI011247,Constellation Pharmaceuticals,11369,10/30/2023,"17,169.63",11/09/2023 06:27:39 AM
09/30/2023,Invoice,WI011233,Constellation Pharmaceuticals,11355,10/30/2023,"4,019.13",11/09/2023 06:27:39 AM
09/30/2023,Invoice,WI011275,Constellation Pharmaceuticals,11398,10/30/2023,"6,600.00",10/13/2023 01:29:12 PM
09/30/2023,Invoice,WI011184,Constellation Pharmaceuticals,11306,10/30/2023,"3,306.88",12/14/2023 05:55:03 AM
09/30/2023,Invoice,WI011178,Constellation Pharmaceuticals,11300,10/30/2023,"5,748.88",12/14/2023 05:55:03 AM
09/30/2023,Invoice,WI011180,Constellation Pharmaceuticals,11302,10/30/2023,"19,892.13",11/09/2023 06:27:39 AM
09/30/2023,Invoice,WI011181,Constellation Pharmaceuticals,11303,10/30/2023,"8,035.50",10/13/2023 01:28:25 PM
09/30/2023,Invoice,WI011236,Constellation Pharmaceuticals,11358,10/30/2023,"1,500.00",11/09/2023 06:27:39 AM
09/30/2023,Invoice,WI011183,Constellation Pharmaceuticals,11305,10/30/2023,"14,399.00",11/30/2023 08:10:20 AM
09/30/2023,Invoice,WI011232,Constellation Pharmaceuticals,11354,10/30/2023,"7,834.75",11/09/2023 06:27:39 AM
09/30/2023,Invoice,WI011177,Constellation Pharmaceuticals,11299,10/30/2023,"10,498.75",10/13/2023 01:28:07 PM
09/05/2023,Payment,,Constellation Pharmaceuticals,,,"64,040.07",09/07/2023 06:35:31 AM
09/05/2023,Deposit,,Constellation Pharmaceuticals,,,"64,040.07",09/07/2023 06:35:40 AM
08/31/2023,Invoice,WI011065,Constellation Pharmaceuticals,11187,10/31/2023,"1,933.25",12/14/2023 05:55:03 AM
08/31/2023,Invoice,WI010987,Constellation Pharmaceuticals,11109,10/31/2023,"14,957.25",12/14/2023 05:55:03 AM
08/31/2023,Invoice,WI010988,Constellation Pharmaceuticals,11110,10/31/2023,"12,441.25",12/14/2023 05:55:03 AM
08/31/2023,Invoice,WI010990,Constellation Pharmaceuticals,11112,10/31/2023,661.38,12/14/2023 05:55:03 AM
08/31/2023,Invoice,WI011064,Constellation Pharmaceuticals,11186,10/31/2023,"15,873.00",12/14/2023 05:55:03 AM
08/31/2023,Invoice,WI010984,Constellation Pharmaceuticals,11106,10/31/2023,"18,874.63",12/14/2023 05:55:03 AM
08/31/2023,Invoice,WI010983,Constellation Pharmaceuticals,11105,10/31/2023,"2,238.50",12/14/2023 05:55:03 AM
08/31/2023,Invoice,WI011063,Constellation Pharmaceuticals,11185,10/31/2023,"5,115.00",12/14/2023 05:55:03 AM
08/31/2023,Invoice,WI010985,Constellation Pharmaceuticals,11107,10/31/2023,"12,779.25",12/14/2023 05:55:03 AM
08/31/2023,Invoice,WI010989,Constellation Pharmaceuticals,11111,10/31/2023,"19,097.38",12/14/2023 05:55:03 AM
08/31/2023,Invoice,WI011062,Constellation Pharmaceuticals,11184,10/31/2023,"10,225.88",12/14/2023 05:55:03 AM
08/31/2023,Invoice,WI010986,Constellation Pharmaceuticals,11108,10/31/2023,"23,788.88",12/14/2023 05:55:03 AM
07/31/2023,Invoice,WI010758,Constellation Pharmaceuticals,10878,08/30/2023,"12,718.75",09/07/2023 06:35:31 AM
07/31/2023,Invoice,WI010762,Constellation Pharmaceuticals,10882,08/30/2023,985.55,09/07/2023 06:35:31 AM
07/31/2023,Invoice,WI010760,Constellation Pharmaceuticals,10880,08/30/2023,"2,220.00",09/07/2023 06:35:31 AM
07/31/2023,Invoice,WI010895,Constellation Pharmaceuticals,11017,08/30/2023,"19,383.38",09/07/2023 06:35:31 AM
07/31/2023,Invoice,WI010894,Constellation Pharmaceuticals,11016,08/30/2023,"1,500.00",09/07/2023 06:35:31 AM
07/31/2023,Invoice,WI010893,Constellation Pharmaceuticals,11015,08/30/2023,"1,500.00",09/07/2023 06:35:31 AM
07/31/2023,Invoice,WI010759,Constellation Pharmaceuticals,10879,08/30/2023,"3,408.63",09/07/2023 06:35:31 AM
06/30/2023,Invoice,WI010615,Constellation Pharmaceuticals,10720,07/30/2023,"3,612.13",09/07/2023 06:35:31 AM
06/30/2023,Invoice,WI010577,Constellation Pharmaceuticals,10680,07/30/2023,"1,500.00",09/07/2023 06:35:31 AM
06/30/2023,Invoice,WI010616,Constellation Pharmaceuticals,10721,07/30/2023,"3,866.50",09/07/2023 06:35:31 AM
06/30/2023,Invoice,WI010486,Constellation Pharmaceuticals,10589,07/30/2023,"3,866.50",09/07/2023 06:35:31 AM
06/30/2023,Invoice,WI010669,Constellation Pharmaceuticals,10788,07/30/2023,500.00,09/07/2023 06:35:31 AM
06/30/2023,Invoice,WI010562,Constellation Pharmaceuticals,10665,07/30/2023,"1,500.00",09/07/2023 06:35:31 AM
06/30/2023,Invoice,WI010485,Constellation Pharmaceuticals,10588,07/30/2023,"7,478.63",09/07/2023 06:35:31 AM
06/26/2023,Deposit,,Constellation Pharmaceuticals,,,"1,601.25",06/29/2023 08:05:00 AM
06/26/2023,Payment,,Constellation Pharmaceuticals,,,"1,601.25",06/29/2023 08:04:45 AM
05/31/2023,Invoice,WI010344,Constellation Pharmaceuticals,10446,06/30/2023,92.50,06/29/2023 08:04:45 AM
05/31/2023,Invoice,WI010383,Constellation Pharmaceuticals,10486,06/30/2023,"1,000.00",06/29/2023 08:04:45 AM
05/31/2023,Invoice,WI010343,Constellation Pharmaceuticals,10445,06/30/2023,508.75,06/29/2023 08:04:45 AM
05/10/2023,Payment,,Constellation Pharmaceuticals,,,"4,493.75",05/25/2023 08:25:39 AM
05/10/2023,Deposit,,Constellation Pharmaceuticals,,,"4,493.75",05/25/2023 08:25:53 AM
03/31/2023,Invoice,WI009799,Constellation Pharmaceuticals,9897,04/30/2023,"2,451.25",05/25/2023 08:25:39 AM
03/31/2023,Invoice,WI009800,Constellation Pharmaceuticals,9898,04/30/2023,750.00,05/25/2023 08:25:39 AM
03/13/2023,Payment,,Constellation Pharmaceuticals,,,"25,082.50",03/16/2023 07:00:31 AM
02/28/2023,Invoice,WI009604,Constellation Pharmaceuticals,9698,03/30/2023,"1,200.00",05/25/2023 08:25:39 AM
02/28/2023,Invoice,WI009603,Constellation Pharmaceuticals,9697,03/30/2023,46.25,05/25/2023 08:25:39 AM
02/28/2023,Invoice,WI009602,Constellation Pharmaceuticals,9696,03/30/2023,46.25,05/25/2023 08:25:39 AM
12/31/2022,Invoice,WI009163,Constellation Pharmaceuticals,9255,01/30/2023,825.00,03/16/2023 07:00:32 AM
12/31/2022,Invoice,WI009162,Constellation Pharmaceuticals,9254,01/30/2023,"1,757.50",03/16/2023 07:00:32 AM
12/31/2022,Invoice,WI009290,Constellation Pharmaceuticals,9382,01/30/2023,"1,000.00",03/16/2023 07:00:32 AM
12/27/2022,Payment,,Constellation Pharmaceuticals,,,"198,101.25",12/29/2022 09:45:08 AM
11/30/2022,Invoice,WI008910,Constellation Pharmaceuticals,9000,12/30/2022,"2,913.75",03/16/2023 07:00:32 AM
11/30/2022,Invoice,WI008911,Constellation Pharmaceuticals,9001,12/30/2022,"8,325.00",03/16/2023 07:00:32 AM
11/30/2022,Invoice,WI008979,Constellation Pharmaceuticals,9069,12/30/2022,"1,500.00",03/16/2023 07:00:32 AM
11/30/2022,Invoice,WI008912,Constellation Pharmaceuticals,9002,12/30/2022,231.25,03/16/2023 07:00:32 AM
10/31/2022,Invoice,WI008764,Constellation Pharmaceuticals,8847,11/30/2022,500.00,03/16/2023 07:00:32 AM
10/31/2022,Invoice,WI008646,Constellation Pharmaceuticals,8728,11/30/2022,462.50,03/16/2023 07:00:32 AM
10/31/2022,Invoice,WI008816,Constellation Pharmaceuticals,8901,11/30/2022,"1,000.00",03/16/2023 07:00:32 AM
10/31/2022,Invoice,WI008648,Constellation Pharmaceuticals,8730,11/30/2022,"2,127.50",03/16/2023 07:00:32 AM
10/31/2022,Invoice,WI008647,Constellation Pharmaceuticals,8729,11/30/2022,462.50,03/16/2023 07:00:32 AM
10/31/2022,Invoice,WI008649,Constellation Pharmaceuticals,8731,11/30/2022,"3,977.50",03/16/2023 07:00:32 AM
09/30/2022,Invoice,WI008313,Constellation Pharmaceuticals,8394,10/30/2022,323.75,12/29/2022 09:44:31 AM
09/30/2022,Invoice,WI008550,Constellation Pharmaceuticals,8632,10/30/2022,"15,538.75",12/29/2022 09:44:31 AM
09/30/2022,Invoice,WI008319,Constellation Pharmaceuticals,8400,10/30/2022,"13,042.50",12/29/2022 09:44:31 AM
09/30/2022,Invoice,WI008314,Constellation Pharmaceuticals,8395,10/30/2022,"2,955.00",12/29/2022 09:44:31 AM
09/30/2022,Invoice,WI008459,Constellation Pharmaceuticals,8540,10/30/2022,"4,500.00",12/29/2022 09:44:31 AM
09/30/2022,Invoice,WI008317,Constellation Pharmaceuticals,8398,10/30/2022,"3,290.00",12/29/2022 09:44:31 AM
09/30/2022,Invoice,WI008316,Constellation Pharmaceuticals,8397,10/30/2022,"1,280.00",12/29/2022 09:44:31 AM
09/30/2022,Invoice,WI008320,Constellation Pharmaceuticals,8401,10/30/2022,"1,526.25",12/29/2022 09:44:31 AM
09/30/2022,Invoice,WI008318,Constellation Pharmaceuticals,8399,10/30/2022,"9,161.25",12/29/2022 09:44:31 AM
09/30/2022,Invoice,WI008315,Constellation Pharmaceuticals,8396,10/30/2022,"4,591.25",12/29/2022 09:44:31 AM
09/08/2022,Payment,,Constellation Pharmaceuticals,,,"2,150.00",09/21/2022 11:56:11 AM
09/08/2022,Payment,,Constellation Pharmaceuticals,,,"20,508.75",09/21/2022 11:56:14 AM
09/08/2022,Payment,,Constellation Pharmaceuticals,,,"6,336.25",09/21/2022 11:56:13 AM
09/08/2022,Payment,,Constellation Pharmaceuticals,,,401.25,09/21/2022 11:56:12 AM
09/08/2022,Payment,,Constellation Pharmaceuticals,,,"3,653.75",09/21/2022 11:56:11 AM
09/08/2022,Payment,,Constellation Pharmaceuticals,,,"7,085.00",09/21/2022 11:56:13 AM
09/08/2022,Payment,,Constellation Pharmaceuticals,,,231.25,09/21/2022 11:56:13 AM
09/08/2022,Payment,,Constellation Pharmaceuticals,,,"7,168.75",09/21/2022 11:56:12 AM
09/08/2022,Payment,,Constellation Pharmaceuticals,,,"1,837.50",09/21/2022 11:56:13 AM
09/08/2022,Payment,,Constellation Pharmaceuticals,,,"9,203.75",09/21/2022 11:56:12 AM
09/08/2022,Payment,,Constellation Pharmaceuticals,,,"4,821.25",09/21/2022 11:56:12 AM
09/08/2022,Payment,,Constellation Pharmaceuticals,,,"1,500.00",09/21/2022 11:56:11 AM
09/08/2022,Payment,,Constellation Pharmaceuticals,,,"1,500.00",09/21/2022 11:56:13 AM
09/08/2022,Payment,,Constellation Pharmaceuticals,,,"1,248.75",09/21/2022 11:56:12 AM
09/08/2022,Payment,,Constellation Pharmaceuticals,,,"2,100.00",09/21/2022 11:56:11 AM
09/08/2022,Payment,,Constellation Pharmaceuticals,,,"6,025.00",09/21/2022 11:56:13 AM
09/08/2022,Payment,,Constellation Pharmaceuticals,,,"10,452.50",09/21/2022 11:56:12 AM
09/08/2022,Payment,,Constellation Pharmaceuticals,,,"6,845.00",09/21/2022 11:56:11 AM
09/08/2022,Payment,,Constellation Pharmaceuticals,,,"5,318.75",09/21/2022 11:56:10 AM
09/08/2022,Payment,,Constellation Pharmaceuticals,,,"16,628.75",09/21/2022 11:56:13 AM
09/08/2022,Payment,,Constellation Pharmaceuticals,,,"12,443.75",09/21/2022 11:56:12 AM
09/08/2022,Payment,,Constellation Pharmaceuticals,,,"13,928.75",09/21/2022 11:56:11 AM
09/08/2022,Payment,,Constellation Pharmaceuticals,,,"1,295.00",09/21/2022 11:56:13 AM
09/08/2022,Payment,,Constellation Pharmaceuticals,,,"4,625.00",09/21/2022 11:56:11 AM
08/31/2022,Invoice,WI008197,Constellation Pharmaceuticals,8275,09/30/2022,"4,500.00",12/29/2022 09:44:31 AM
08/31/2022,Invoice,WI008039,Constellation Pharmaceuticals,8113,09/30/2022,"13,185.00",12/29/2022 09:44:31 AM
08/31/2022,Invoice,WI008043,Constellation Pharmaceuticals,8117,09/30/2022,"12,071.25",12/29/2022 09:44:31 AM
08/31/2022,Invoice,WI008044,Constellation Pharmaceuticals,8118,09/30/2022,"11,562.50",12/29/2022 09:44:31 AM
08/31/2022,Invoice,WI008045,Constellation Pharmaceuticals,8119,09/30/2022,"9,620.00",12/29/2022 09:44:31 AM
08/31/2022,Invoice,WI008040,Constellation Pharmaceuticals,8114,09/30/2022,"9,653.75",12/29/2022 09:44:31 AM
08/31/2022,Invoice,WI008041,Constellation Pharmaceuticals,8115,09/30/2022,160.00,12/29/2022 09:44:31 AM
08/31/2022,Invoice,WI008037,Constellation Pharmaceuticals,8111,09/30/2022,"11,716.25",12/29/2022 09:44:31 AM
08/31/2022,Invoice,WI008046,Constellation Pharmaceuticals,8120,09/30/2022,"1,202.50",12/29/2022 09:44:31 AM
08/31/2022,Invoice,WI008038,Constellation Pharmaceuticals,8112,09/30/2022,"20,627.50",12/29/2022 09:44:31 AM
08/31/2022,Invoice,WI008047,Constellation Pharmaceuticals,8121,09/30/2022,508.75,12/29/2022 09:44:31 AM
08/31/2022,Invoice,WI008036,Constellation Pharmaceuticals,8110,09/30/2022,"8,520.00",12/29/2022 09:44:31 AM
08/31/2022,Invoice,WI008183,Constellation Pharmaceuticals,8261,09/30/2022,"14,197.50",12/29/2022 09:44:31 AM
08/31/2022,Invoice,WI008184,Constellation Pharmaceuticals,8262,09/30/2022,"15,765.00",12/29/2022 09:44:31 AM
08/31/2022,Invoice,WI008042,Constellation Pharmaceuticals,8116,09/30/2022,"8,602.50",12/29/2022 09:44:31 AM
08/29/2022,Payment,,Constellation Pharmaceuticals,,,"1,500.00",08/31/2022 09:57:21 AM
08/29/2022,Payment,,Constellation Pharmaceuticals,,,"5,735.00",08/31/2022 09:57:23 AM
08/29/2022,Payment,,Constellation Pharmaceuticals,,,"4,162.50",08/31/2022 09:57:23 AM
08/29/2022,Payment,,Constellation Pharmaceuticals,,,"2,775.00",08/31/2022 09:57:22 AM
08/29/2022,Payment,,Constellation Pharmaceuticals,,,832.50,08/31/2022 09:57:22 AM
08/29/2022,Payment,,Constellation Pharmaceuticals,,,"4,550.00",08/31/2022 09:57:21 AM
08/29/2022,Payment,,Constellation Pharmaceuticals,,,"1,816.25",08/31/2022 09:57:23 AM
08/29/2022,Payment,,Constellation Pharmaceuticals,,,"1,500.00",08/31/2022 09:57:22 AM
08/29/2022,Payment,,Constellation Pharmaceuticals,,,"3,422.50",08/31/2022 09:57:22 AM
08/29/2022,Payment,,Constellation Pharmaceuticals,,,555.00,08/31/2022 09:57:21 AM
08/29/2022,Payment,,Constellation Pharmaceuticals,,,"1,433.75",08/31/2022 09:57:21 AM
08/29/2022,Payment,,Constellation Pharmaceuticals,,,"2,930.00",08/31/2022 09:57:23 AM
08/29/2022,Payment,,Constellation Pharmaceuticals,,,"1,500.00",08/31/2022 09:57:22 AM
08/29/2022,Payment,,Constellation Pharmaceuticals,,,"11,978.75",08/31/2022 09:57:22 AM
08/29/2022,Payment,,Constellation Pharmaceuticals,,,185.00,08/31/2022 09:57:22 AM
08/29/2022,Payment,,Constellation Pharmaceuticals,,,"10,961.25",08/31/2022 09:57:22 AM
08/29/2022,Payment,,Constellation Pharmaceuticals,,,"2,690.00",08/31/2022 09:57:22 AM
08/29/2022,Payment,,Constellation Pharmaceuticals,,,"13,578.75",08/31/2022 09:57:21 AM
08/29/2022,Payment,,Constellation Pharmaceuticals,,,"3,700.00",08/31/2022 09:57:23 AM
08/29/2022,Payment,,Constellation Pharmaceuticals,,,"5,781.25",08/31/2022 09:57:23 AM
08/29/2022,Payment,,Constellation Pharmaceuticals,,,"12,903.75",08/31/2022 09:57:22 AM
08/29/2022,Payment,,Constellation Pharmaceuticals,,,"6,200.00",08/31/2022 09:57:22 AM
08/29/2022,Payment,,Constellation Pharmaceuticals,,,"1,433.75",08/31/2022 09:57:23 AM
08/29/2022,Payment,,Constellation Pharmaceuticals,,,42.50,08/31/2022 09:57:22 AM
08/29/2022,Payment,,Constellation Pharmaceuticals,,,"2,960.00",08/31/2022 09:57:22 AM
08/29/2022,Payment,,Constellation Pharmaceuticals,,,"15,586.25",08/31/2022 09:57:22 AM
08/29/2022,Payment,,Constellation Pharmaceuticals,,,"5,457.50",08/31/2022 09:57:22 AM
08/29/2022,Payment,,Constellation Pharmaceuticals,,,370.00,08/31/2022 09:57:22 AM
08/29/2022,Payment,,Constellation Pharmaceuticals,,,"14,846.25",08/31/2022 09:57:21 AM
08/29/2022,Payment,,Constellation Pharmaceuticals,,,"4,393.75",08/31/2022 09:57:21 AM
08/29/2022,Payment,,Constellation Pharmaceuticals,,,370.00,08/31/2022 09:57:21 AM
08/29/2022,Payment,,Constellation Pharmaceuticals,,,"12,395.00",08/31/2022 09:57:21 AM
08/29/2022,Payment,,Constellation Pharmaceuticals,,,"10,208.75",08/31/2022 09:57:21 AM
08/29/2022,Payment,,Constellation Pharmaceuticals,,,"18,595.00",08/31/2022 09:57:21 AM
07/31/2022,Invoice,WI007599,Constellation Pharmaceuticals,7668,08/30/2022,"5,781.25",08/31/2022 09:57:23 AM
07/31/2022,Invoice,WI007601,Constellation Pharmaceuticals,7670,08/30/2022,"15,586.25",08/31/2022 09:57:22 AM
07/31/2022,Invoice,WI007598,Constellation Pharmaceuticals,7667,08/30/2022,"5,457.50",08/31/2022 09:57:22 AM
07/31/2022,Invoice,WI007592,Constellation Pharmaceuticals,7661,08/30/2022,42.50,08/31/2022 09:57:23 AM
07/31/2022,Invoice,WI007603,Constellation Pharmaceuticals,7672,08/30/2022,"3,700.00",08/31/2022 09:57:23 AM
07/31/2022,Invoice,WI007604,Constellation Pharmaceuticals,7673,08/30/2022,"2,960.00",08/31/2022 09:57:22 AM
07/31/2022,Invoice,WI007594,Constellation Pharmaceuticals,7663,08/30/2022,"11,978.75",08/31/2022 09:57:22 AM
07/31/2022,Invoice,WI007605,Constellation Pharmaceuticals,7674,08/30/2022,"12,903.75",08/31/2022 09:57:22 AM
07/31/2022,Invoice,WI007752,Constellation Pharmaceuticals,7824,08/30/2022,"1,816.25",08/31/2022 09:57:23 AM
07/31/2022,Invoice,WI007600,Constellation Pharmaceuticals,7669,08/30/2022,"1,433.75",08/31/2022 09:57:23 AM
07/31/2022,Invoice,WI007593,Constellation Pharmaceuticals,7662,08/30/2022,185.00,08/31/2022 09:57:22 AM
07/31/2022,Invoice,WI007681,Constellation Pharmaceuticals,7750,08/30/2022,"1,500.00",08/31/2022 09:57:22 AM
07/31/2022,Invoice,WI007595,Constellation Pharmaceuticals,7664,08/30/2022,"2,775.00",08/31/2022 09:57:22 AM
07/31/2022,Invoice,WI007596,Constellation Pharmaceuticals,7665,08/30/2022,"2,930.00",08/31/2022 09:57:23 AM
07/31/2022,Invoice,WI007602,Constellation Pharmaceuticals,7671,08/30/2022,"4,162.50",08/31/2022 09:57:23 AM
07/31/2022,Invoice,WI007597,Constellation Pharmaceuticals,7666,08/30/2022,"5,735.00",08/31/2022 09:57:23 AM
06/30/2022,Invoice,WI007378,Constellation Pharmaceuticals,7442,07/30/2022,"4,393.75",08/31/2022 09:57:21 AM
06/30/2022,Invoice,WI007383,Constellation Pharmaceuticals,7447,07/30/2022,555.00,08/31/2022 09:57:21 AM
06/30/2022,Invoice,WI007745,Constellation Pharmaceuticals,7817,07/30/2022,"6,200.00",08/31/2022 09:57:22 AM
06/30/2022,Invoice,WI007381,Constellation Pharmaceuticals,7445,07/30/2022,"3,422.50",08/31/2022 09:57:22 AM
06/30/2022,Invoice,WI007379,Constellation Pharmaceuticals,7443,07/30/2022,832.50,08/31/2022 09:57:22 AM
06/30/2022,Invoice,WI007382,Constellation Pharmaceuticals,7446,07/30/2022,370.00,08/31/2022 09:57:22 AM
06/30/2022,Invoice,WI007380,Constellation Pharmaceuticals,7444,07/30/2022,"10,961.25",08/31/2022 09:57:22 AM
06/30/2022,Invoice,WI007384,Constellation Pharmaceuticals,7448,07/30/2022,"2,690.00",08/31/2022 09:57:22 AM
06/30/2022,Invoice,WI007255,Constellation Pharmaceuticals,7319,07/30/2022,"1,500.00",08/31/2022 09:57:22 AM
05/31/2022,Invoice,WI007200,Constellation Pharmaceuticals,,06/30/2022,231.25,09/21/2022 11:56:13 AM
05/31/2022,Invoice,WI007219,Constellation Pharmaceuticals,,06/30/2022,"1,837.50",09/21/2022 11:56:13 AM
05/31/2022,Invoice,WI007196,Constellation Pharmaceuticals,,06/30/2022,"10,452.50",09/21/2022 11:56:13 AM
05/31/2022,Invoice,WI007220,Constellation Pharmaceuticals,,06/30/2022,"20,508.75",09/21/2022 11:56:14 AM
05/31/2022,Invoice,WI007201,Constellation Pharmaceuticals,,06/30/2022,"16,628.75",09/21/2022 11:56:13 AM
05/31/2022,Invoice,WI007199,Constellation Pharmaceuticals,,06/30/2022,"1,295.00",09/21/2022 11:56:13 AM
05/31/2022,Invoice,WI006999,Constellation Pharmaceuticals,,06/30/2022,"1,500.00",09/21/2022 11:56:13 AM
05/31/2022,Invoice,WI007097,Constellation Pharmaceuticals,,06/30/2022,"6,025.00",09/21/2022 11:56:13 AM
05/31/2022,Invoice,WI007197,Constellation Pharmaceuticals,,06/30/2022,"6,336.25",09/21/2022 11:56:13 AM
05/31/2022,Invoice,WI007198,Constellation Pharmaceuticals,,06/30/2022,"7,085.00",09/21/2022 11:56:13 AM
04/30/2022,Invoice,WI006944,Constellation Pharmaceuticals,,05/30/2022,"12,395.00",08/31/2022 09:57:21 AM
04/30/2022,Invoice,WI006782,Constellation Pharmaceuticals,,05/30/2022,"1,500.00",08/31/2022 09:57:21 AM
04/30/2022,Invoice,WI006943,Constellation Pharmaceuticals,,05/30/2022,370.00,08/31/2022 09:57:21 AM
04/30/2022,Invoice,WI006897,Constellation Pharmaceuticals,,05/30/2022,"13,578.75",08/31/2022 09:57:21 AM
04/30/2022,Invoice,WI006945,Constellation Pharmaceuticals,,05/30/2022,"14,846.25",08/31/2022 09:57:21 AM
04/30/2022,Invoice,WI006947,Constellation Pharmaceuticals,,05/30/2022,"10,208.75",08/31/2022 09:57:21 AM
04/30/2022,Invoice,WI006983,Constellation Pharmaceuticals,,05/30/2022,"4,550.00",08/31/2022 09:57:21 AM
04/30/2022,Invoice,WI006948,Constellation Pharmaceuticals,,05/30/2022,"18,595.00",08/31/2022 09:57:21 AM
04/30/2022,Invoice,WI006946,Constellation Pharmaceuticals,,05/30/2022,"1,433.75",08/31/2022 09:57:21 AM
03/31/2022,Invoice,WI006758,Constellation Pharmaceuticals,6817,04/30/2022,401.25,09/21/2022 11:56:12 AM
03/31/2022,Invoice,WI006655,Constellation Pharmaceuticals,6714,04/30/2022,"7,168.75",09/21/2022 11:56:12 AM
03/31/2022,Invoice,WI006659,Constellation Pharmaceuticals,6718,04/30/2022,"13,928.75",09/21/2022 11:56:12 AM
03/31/2022,Invoice,WI006656,Constellation Pharmaceuticals,6715,04/30/2022,"1,248.75",09/21/2022 11:56:12 AM
03/31/2022,Invoice,WI006657,Constellation Pharmaceuticals,6716,04/30/2022,"4,821.25",09/21/2022 11:56:12 AM
03/31/2022,Invoice,WI006654,Constellation Pharmaceuticals,6713,04/30/2022,"4,625.00",09/21/2022 11:56:11 AM
03/31/2022,Invoice,WI006591,Constellation Pharmaceuticals,6650,04/30/2022,"12,443.75",09/21/2022 11:56:12 AM
03/31/2022,Invoice,WI006593,Constellation Pharmaceuticals,6652,04/30/2022,"1,500.00",09/21/2022 11:56:11 AM
03/31/2022,Invoice,WI006658,Constellation Pharmaceuticals,6717,04/30/2022,"9,203.75",09/21/2022 11:56:12 AM
03/07/2022,Payment,ACH,Constellation Pharmaceuticals,,,"2,252.50",03/10/2022 10:13:34 AM
02/28/2022,Invoice,WI006560,Constellation Pharmaceuticals,6614,03/30/2022,"3,653.75",09/21/2022 11:56:11 AM
02/28/2022,Invoice,WI006561,Constellation Pharmaceuticals,6615,03/30/2022,"2,100.00",09/21/2022 11:56:11 AM
02/28/2022,Invoice,WI006558,Constellation Pharmaceuticals,6612,03/30/2022,"5,318.75",09/21/2022 11:56:10 AM
02/28/2022,Invoice,WI006557,Constellation Pharmaceuticals,6611,03/30/2022,"2,150.00",09/21/2022 11:56:11 AM
02/28/2022,Invoice,WI006559,Constellation Pharmaceuticals,6613,03/30/2022,"6,845.00",09/21/2022 11:56:11 AM
01/31/2022,Invoice,WI006320,Constellation Pharmaceuticals,6370,03/02/2022,297.50,03/10/2022 10:13:34 AM